USE SCSCg1;
GO

INSERT INTO CLIENT (CID, CompanyName, ContactPerson, StartDate, ServiceTier) VALUES
(1, 'TechNova Pte Ltd', 'Alice Tan', '2023-01-05', 'Gold'),
(2, 'GreenLeaf Solutions', 'Brian Lim', '2023-02-08', 'Silver'),
(3, 'Skyline Logistics', 'Catherine Ong', '2023-03-03', 'Platinum'),
(4, 'Apex Marketing', 'Daniel Koh', '2023-09-05', 'Gold'),
(5, 'BrightFuture Edu', 'Emily Ng', '2023-05-02', 'Bronze'),
(6, 'Oceanic Traders', 'Farid Hassan', '2023-06-01', 'Silver'),
(7, 'UrbanBuild Co', 'Grace Lee', '2023-12-12', 'Gold'),
(8, 'HealthPlus Clinic', 'Henry Tan', '2023-08-02', 'Platinum'),
(9, 'NextGen IT', 'Isabelle Chua', '2024-04-22', 'Silver'),
(10, 'FreshFarm Foods', 'Jason Wong', '2023-10-03', 'Bronze'),
(11, 'SecureNet Systems', 'Karen Lim', '2023-05-30', 'Gold'),
(12, 'Elite Fitness SG', 'Leonard Goh', '2024-10-09', 'Silver'),
(13, 'SmartHome Tech', 'Michelle Tan', '2023-12-19', 'Platinum'),
(14, 'RapidDelivery', 'Nathan Yeo', '2023-08-17', 'Gold'),
(15, 'EcoEnergy Ltd', 'Olivia Lim', '2024-03-03', 'Silver'),
(16, 'Visionary Designs', 'Patrick Ong', '2024-09-11', 'Bronze'),
(17, 'FinEdge Consulting', 'Queenie Tan', '2023-11-27', 'Platinum'),
(18, 'Global Imports', 'Ryan Lee', '2024-07-19', 'Gold'),
(19, 'BrightAds Agency', 'Sophia Ng', '2024-05-08', 'Silver'),
(20, 'MediCare Plus', 'Thomas Koh', '2023-06-14', 'Platinum'),
(21, 'EduSmart Academy', 'Uma Devi', '2024-12-01', 'Bronze'),
(22, 'TravelEase SG', 'Victor Tan', '2024-04-30', 'Gold'),
(23, 'AutoDrive Pte Ltd', 'Wendy Lim', '2023-10-23', 'Silver'),
(24, 'CloudCore Tech', 'Xavier Goh', '2024-02-11', 'Platinum'),
(25, 'FoodieHub', 'Yvonne Tan', '2024-07-27', 'Bronze'),
(26, 'BuildRight Eng', 'Zachary Lee', '2023-07-06', 'Gold'),
(27, 'DataSense Analytics', 'Aaron Chua', '2024-09-15', 'Silver'),
(28, 'CleanCity Services', 'Bella Wong', '2024-01-03', 'Gold'),
(29, 'PetCare SG', 'Chris Tan', '2024-05-21', 'Bronze'),
(30, 'LegalBridge LLP', 'Diana Lim', '2024-08-09', 'Platinum');

INSERT INTO PURCHASE_ORDER (OID, OrderDate, Status, Value) VALUES
(1,'2024-01-05','Delivered',120.50),(2,'2024-01-20','Delivered',250.00),
(3,'2024-02-08','Delivered',89.99), (4,'2024-02-22','Delivered',310.75),
(5,'2024-03-03','Delivered',150.00),(6,'2024-03-10','Delivered',499.90),
(7,'2024-03-18','Delivered',75.25), (8,'2024-03-28','Delivered',220.00),
(9,'2024-04-05','Delivered',999.99),(10,'2024-04-19','Delivered',60.00),
(11,'2024-05-02','Delivered',180.40),(12,'2024-05-17','Delivered',340.10),
(13,'2024-06-01','Delivered',1200.00),(14,'2024-06-15','Delivered',95.50),
(15,'2024-07-04','Delivered',410.00),(16,'2024-07-19','Delivered',275.75),
(17,'2024-08-02','Delivered',88.80),(18,'2024-08-16','Delivered',650.00),
(19,'2024-09-01','Delivered',135.60),(20,'2024-09-14','Delivered',720.30),
(21,'2024-10-03','Delivered',55.00),(22,'2024-10-17','Delivered',480.45),
(23,'2024-11-02','Delivered',210.00),(24,'2024-11-10','Delivered',330.90),
(25,'2024-11-18','Delivered',150.25),(26,'2024-11-25','Delivered',870.00),
(27,'2024-12-05','Delivered',999.50),(28,'2024-12-12','Delivered',45.75),
(29,'2024-12-19','Delivered',610.00),(30,'2024-12-27','Delivered',725.20),
(31,'2025-01-05','Pending',120.50),(32,'2025-01-12','Processing',250.00),
(33,'2025-01-20','Shipped',89.99),(34,'2025-02-02','Delivered',310.75),
(35,'2025-02-10','Cancelled',150.00),(36,'2025-02-18','Pending',499.90),
(37,'2025-03-01','Processing',75.25),(38,'2025-03-08','Shipped',220.00),
(39,'2025-03-15','Delivered',999.99),(40,'2025-03-22','Pending',60.00),
(41,'2025-03-28','Delivered',415.00),(42,'2025-04-07','Shipped',340.10),
(43,'2025-04-14','Delivered',1200.00),(44,'2025-04-21','Cancelled',95.50),
(45,'2025-05-03','Pending',410.00),(46,'2025-05-10','Processing',275.75),
(47,'2025-05-18','Shipped',88.80),(48,'2025-05-25','Delivered',650.00),
(49,'2025-06-02','Pending',135.60),(50,'2025-06-09','Processing',720.30),
(51,'2025-06-16','Shipped',55.00),(52,'2025-06-23','Delivered',480.45),
(53,'2025-07-01','Cancelled',210.00),(54,'2025-07-08','Pending',330.90),
(55,'2025-07-15','Processing',150.25),(56,'2025-07-22','Shipped',870.00),
(57,'2025-07-29','Delivered',999.50),(58,'2025-08-05','Pending',45.75),
(59,'2025-08-12','Processing',610.00),(60,'2025-08-19','Delivered',725.20),
(61,'2025-09-02','Delivered',315.00),(62,'2025-09-09','Shipped',540.00),
(63,'2025-09-16','Pending',180.75),(64,'2025-09-23','Processing',420.00),
(65,'2025-10-01','Delivered',660.00),(66,'2025-10-08','Shipped',290.50),
(67,'2025-10-15','Pending',375.00),(68,'2025-10-22','Delivered',810.00),
(69,'2025-11-01','Delivered',225.00),(70,'2025-11-05','Delivered',490.00),
(71,'2025-11-10','Delivered',730.00),(72,'2025-11-15','Processing',310.00),
(73,'2025-11-20','Shipped',560.00),(74,'2025-11-25','Delivered',145.00),
(75,'2025-12-01','Delivered',880.00),(76,'2025-12-06','Pending',195.00),
(77,'2025-12-11','Processing',440.00),(78,'2025-12-16','Shipped',620.00),
(79,'2025-12-21','Delivered',355.00),(80,'2025-12-26','Pending',270.00),
(81,'2025-03-05','Delivered',510.00),(82,'2025-03-12','Delivered',390.00),
(83,'2025-11-28','Delivered',475.00),(84,'2025-11-03','Delivered',680.00),
(85,'2025-03-19','Delivered',295.00),(86,'2025-03-25','Delivered',825.00),
(87,'2025-11-08','Delivered',365.00),(88,'2025-11-13','Delivered',590.00),
(89,'2025-03-29','Delivered',740.00),(90,'2025-11-17','Delivered',430.00);

INSERT INTO CLIENT_PURCHASE_ORDER (OID, CID) VALUES
-- 2024 orders
(1,1),(2,1),(3,2),(4,2),
(5,3),(6,3),(7,3),(8,3),
(9,4),(10,4),(11,5),(12,5),
(13,6),(14,6),(15,7),(16,7),
(17,8),(18,8),(19,9),(20,9),
(21,10),(22,10),
(23,11),(24,11),(25,11),(26,11),
(27,12),(28,12),(29,13),(30,13),
-- 2025 orders
(31,1),(32,1),(33,2),(34,2),
(35,3),(36,4),(37,4),(38,5),
(39,6),(40,6),(41,7),(42,8),
(43,8),(44,9),(45,10),(46,10),
(47,11),(48,12),(49,12),(50,13),
(51,14),(52,14),(53,15),(54,16),
(55,17),(56,17),(57,18),(58,19),
(59,20),(60,21),(61,22),(62,22),
(63,23),(64,24),(65,24),(66,25),
(67,26),(68,26),(69,27),(70,27),
(71,28),(72,28),(73,29),(74,29),
(75,30),(76,30),(77,1),(78,2),
(79,3),(80,4),(81,5),(82,6),
(83,7),(84,8),(85,9),(86,10),
(87,11),(88,12),(89,13),(90,14);

INSERT INTO LICENSE_INFO (LicenseNumber, LicenseExpiration) VALUES
('LIC-001', '2026-03-15'),
('LIC-002', '2025-11-20'),
('LIC-003', '2027-01-10'),
('LIC-004', '2026-08-25'),
('LIC-005', '2025-09-30'),
('LIC-006', '2026-12-05'),
('LIC-007', '2027-03-18'),
('LIC-008', '2025-07-22'),
('LIC-009', '2026-05-14'),
('LIC-010', '2027-06-29'),
('LIC-011', '2025-10-08'),
('LIC-012', '2026-02-17'),
('LIC-013', '2027-09-03'),
('LIC-014', '2025-12-31'),
('LIC-015', '2026-07-11'),
('LIC-016', '2027-04-26'),
('LIC-017', '2025-08-19'),
('LIC-018', '2026-11-07'),
('LIC-019', '2027-02-23'),
('LIC-020', '2026-01-15'),
('LIC-021', '2025-06-04'),
('LIC-022', '2027-07-30'),
('LIC-023', '2026-09-16'),
('LIC-024', '2025-05-12'),
('LIC-025', '2027-10-21'),
('LIC-026', '2026-04-08'),
('LIC-027', '2025-11-27'),
('LIC-028', '2027-08-13'),
('LIC-029', '2026-06-20'),
('LIC-030', '2027-12-09');

INSERT INTO SUPPLIER (SupplierID, Name, Country, PaymentTerms, LeadTime) VALUES
(1, 'AsiaTech Supplies', 'Singapore', 'Net 30', 7),
(2, 'EuroGoods BV', 'Netherlands', 'Net 60', 21),
(3, 'PacificRim Trading', 'Japan', 'Net 45', 14),
(4, 'SunRise Manufacturers', 'China', 'Net 30', 10),
(5, 'GlobalParts Inc', 'United States', 'Net 60', 18),
(6, 'MegaSupply Co', 'South Korea', 'Net 30', 12),
(7, 'AlphaSource Ltd', 'Germany', 'Net 90', 25),
(8, 'BetaTrade GmbH', 'Austria', 'Net 45', 20),
(9, 'Coastal Exports', 'Australia', 'Net 30', 15),
(10, 'NorthStar Wholesale', 'Canada', 'Net 60', 22),
(11, 'TropicLine Sdn Bhd', 'Malaysia', 'Net 30', 8),
(12, 'IndoSource PT', 'Indonesia', 'Net 45', 11),
(13, 'BayArea Distributors', 'United States', 'Net 30', 16),
(14, 'SilkRoad Traders', 'China', 'Net 60', 13),
(15, 'Nordex Supplies AB', 'Sweden', 'Net 90', 28),
(16, 'IberoSupply SA', 'Spain', 'Net 45', 17),
(17, 'MidEast Commerce LLC', 'UAE', 'Net 30', 9),
(18, 'AfriTrade Ltd', 'South Africa', 'Net 60', 30),
(19, 'SouthAm Exports SA', 'Brazil', 'Net 45', 24),
(20, 'Island Goods Pte Ltd', 'Singapore', 'Net 30', 6),
(21, 'DigiParts Korea', 'South Korea', 'Net 60', 19),
(22, 'FreshSource NZ', 'New Zealand', 'Net 30', 20),
(23, 'MediSupply AG', 'Switzerland', 'Net 90', 26),
(24, 'TexPro Ltd', 'India', 'Net 45', 14),
(25, 'OmegaLogix Pte Ltd', 'Singapore', 'Net 30', 7),
(26, 'CarbonFibre Tech', 'United States', 'Net 60', 21),
(27, 'ApexGoods GmbH', 'Germany', 'Net 45', 23),
(28, 'BlueSky Imports', 'Thailand', 'Net 30', 10),
(29, 'PrimeParts Pty Ltd', 'Australia', 'Net 60', 17),
(30, 'ZenithTrade Co', 'Japan', 'Net 30', 12);

INSERT INTO PRODUCT (PID, Name, Brand, Cost, Price, Category, Length, Width, Height, HandlingRequirements) VALUES
(1, 'Wireless Keyboard', 'Logitech', 25.00, 55.00, 'Electronics', 40.00, 15.00, 3.00, 'Handle with care'),
(2, 'USB-C Hub', 'Anker', 18.00, 45.00, 'Electronics', 12.00, 6.00, 2.00, 'Keep dry'),
(3, 'Office Chair', 'ErgoPlus', 120.00, 280.00, 'Furniture', 65.00, 65.00, 90.00, 'Heavy item'),
(4, 'Standing Desk', 'FlexiDesk', 200.00, 480.00, 'Furniture', 140.00, 70.00, 75.00, 'Heavy item'),
(5, 'Whey Protein 1kg', 'MuscleMax', 22.00, 50.00, 'Health', 20.00, 15.00, 25.00, 'Keep dry'),
(6, 'Yoga Mat', 'ZenFlex', 12.00, 30.00, 'Sports', 61.00, 30.00, 4.00, NULL),
(7, 'LED Desk Lamp', 'BrightLux', 14.00, 35.00, 'Electronics', 35.00, 15.00, 45.00, 'Fragile'),
(8, 'Stainless Water Bottle', 'HydroFlow', 8.00, 22.00, 'Kitchen', 25.00, 8.00, 8.00, NULL),
(9, 'Bluetooth Speaker', 'SoundWave', 30.00, 75.00, 'Electronics', 18.00, 8.00, 8.00, 'Handle with care'),
(10, 'Laptop Stand', 'ElevateIt', 15.00, 38.00, 'Electronics', 28.00, 22.00, 3.00, NULL),
(11, 'Resistance Bands Set', 'FitGear', 6.00, 18.00, 'Sports', 25.00, 15.00, 5.00, NULL),
(12, 'Ceramic Coffee Mug', 'BrewNest', 3.50, 10.00, 'Kitchen', 12.00, 9.00, 10.00, 'Fragile'),
(13, 'Noise Cancelling Headphones','SonicPro', 60.00, 150.00, 'Electronics', 20.00, 18.00, 9.00, 'Handle with care'),
(14, 'Portable Charger 20000mAh','PowerBank+', 20.00, 55.00, 'Electronics', 16.00, 7.00, 3.00, 'Lithium battery'),
(15, 'Air Purifier', 'ClearAir', 80.00, 200.00, 'Appliances', 28.00, 28.00, 52.00, 'Handle with care'),
(16, 'Non-stick Frying Pan', 'ChefMate', 18.00, 42.00, 'Kitchen', 45.00, 45.00, 7.00, NULL),
(17, 'Memory Foam Pillow', 'DreamSoft', 14.00, 38.00, 'Bedding', 60.00, 40.00, 15.00, 'Keep dry'),
(18, 'Vitamin C Supplements', 'NutriLife', 7.00, 18.00, 'Health', 10.00, 10.00, 12.00, 'Keep cool and dry'),
(19, 'Smart LED Bulb', 'BrightHome', 6.00, 16.00, 'Electronics', 7.00, 7.00, 10.00, NULL),
(20, 'Running Shoes', 'SpeedFoot', 45.00, 110.00, 'Footwear', 32.00, 12.00, 14.00, NULL),
(21, 'Backpack 30L', 'TrailBlaze', 30.00, 75.00, 'Bags', 45.00, 28.00, 55.00, NULL),
(22, 'Electric Kettle 1.7L', 'QuickBoil', 20.00, 48.00, 'Appliances', 23.00, 18.00, 25.00, 'Handle with care'),
(23, 'Digital Thermometer', 'MediCheck', 5.00, 14.00, 'Health', 15.00, 3.00, 2.00, 'Fragile'),
(24, 'Steel Bookshelf', 'ShelfMaster', 90.00, 210.00, 'Furniture', 80.00, 30.00,150.00, 'Heavy item'),
(25, 'Wireless Mouse', 'Logitech', 15.00, 38.00, 'Electronics', 12.00, 6.00, 4.00, NULL),
(26, 'HDMI Cable 2m', 'ConnectPro', 4.00, 12.00, 'Electronics', 20.00, 2.00, 2.00, NULL),
(27, 'Mechanical Keyboard', 'KeyTech', 55.00, 130.00, 'Electronics', 44.00, 14.00, 4.00, 'Handle with care'),
(28, 'Face Mask Pack 50pcs', 'SafeGuard', 8.00, 20.00, 'Health', 20.00, 10.00, 8.00, 'Keep dry'),
(29, 'Plant Pot Set x3', 'GardenBliss', 10.00, 26.00, 'Garden', 20.00, 20.00, 22.00, 'Fragile'),
(30, 'Webcam HD 1080p', 'VisionClear', 25.00, 60.00, 'Electronics', 10.00, 6.00, 5.00, 'Fragile');

INSERT INTO WAREHOUSE (WID, Address, Size, Temperature, Security) VALUES
(1, '10 Tuas South Ave 1, Singapore', 50000.00,22.00,'Standard'),
(2, '5 Jurong Port Rd, Singapore', 75000.00,18.00,'High'),
(3, '30 Penjuru Rd, Singapore', 40000.00,20.00,'Basic'),
(4, '15 Pioneer Sector 3, Singapore', 60000.00,15.00,'Maximum'),
(5, '8 Benoi Rd, Singapore', 35000.00,25.00,'Standard'),
(6, '22 Tuas Ave 8, Singapore', 80000.00,10.00,'High'),
(7, '3 Gul Circle, Singapore', 45000.00,22.00,'Standard'),
(8, '18 Jalan Buroh, Singapore', 55000.00,20.00,'Maximum'),
(9, '7 Tuas View Sq, Singapore', 30000.00,23.00,'Basic'),
(10, '12 Pioneer Crescent, Singapore', 65000.00,17.00,'High'),
(11, '25 Tuas Ave 2, Singapore', 48000.00,21.00,'Standard'),
(12, '9 Jalan Papan, Singapore', 72000.00,16.00,'High'),
(13, '4 Buroh Lane, Singapore', 38000.00,20.00,'Basic'),
(14, '33 Pioneer Rd North, Singapore', 58000.00,14.00,'Maximum'),
(15, '11 Tuas West Rd, Singapore', 32000.00,24.00,'Standard'),
(16, '6 Benoi Sector, Singapore', 85000.00, 9.00,'High'),
(17, '2 Gul Ave, Singapore', 43000.00,22.00,'Standard'),
(18, '20 Penjuru Close, Singapore', 53000.00,19.00,'Maximum'),
(19, '14 Tuas View Extension, Singapore', 28000.00,23.00,'Basic'),
(20, '17 Pioneer Sector 2, Singapore', 67000.00,18.00,'High'),
(21, '1000 S Alameda St, Los Angeles, USA', 90000.00,20.00,'High'),
(22, '2500 E Vernon Ave, Los Angeles, USA', 85000.00,19.00,'Standard'),
(23, '3300 Bandini Blvd, Los Angeles, USA', 70000.00,21.00,'Maximum'),
(24, '4800 S Santa Fe Ave, Los Angeles, USA', 60000.00,22.00,'High'),
(25, '600 Macy St, Los Angeles, USA', 55000.00,20.00,'Standard'),
(26, '88 Moo 4 Laem Chabang Industrial, Thailand', 65000.00,28.00,'Standard'),
(27, '12 Rama 2 Rd, Bangkok, Thailand', 50000.00,30.00,'Basic'),
(28, '99 Amata City Industrial Estate, Thailand', 75000.00,29.00,'High'),
(29, '45 Bangplee Industrial Estate, Thailand', 55000.00,31.00,'Standard'),
(30, '7 WHA Eastern Seaboard, Thailand', 80000.00,27.00,'Maximum');

INSERT INTO STAFF (StaffID, Name, HireDate, Type) VALUES
(1, 'Adam Tan', '2020-01-15', 'Full time'),
(2, 'Betty Lim', '2019-06-20', 'Full time'),
(3, 'Calvin Ong', '2021-03-10', 'Full time'),
(4, 'Diana Koh', '2020-09-05', 'Part time'),
(5, 'Edward Ng', '2022-01-18', 'Full time'),
(6, 'Fiona Hassan', '2021-07-01', 'Part time'),
(7, 'George Lee', '2019-12-12', 'Full time'),
(8, 'Hannah Tan', '2022-02-28', 'Full time'),
(9, 'Ian Chua', '2020-04-22', 'Part time'),
(10, 'Jessica Wong', '2021-08-14', 'Full time'),
(11, 'Kevin Lim', '2019-05-30', 'Full time'),
(12, 'Laura Goh', '2022-10-09', 'Part time'),
(13, 'Marcus Tan', '2021-06-25', 'Full time'),
(14, 'Nina Yeo', '2020-08-17', 'Full time'),
(15, 'Oscar Lim', '2022-03-03', 'Full time'),
(16, 'Paul Ong', '2019-09-11', 'Full time'),
(17, 'Quinn Tan', '2020-11-27', 'Full time'),
(18, 'Rachel Lee', '2021-07-19', 'Full time'),
(19, 'Samuel Ng', '2022-05-08', 'Full time'),
(20, 'Tina Koh', '2019-06-14', 'Full time'),
(21, 'Uma Raj', '2020-12-01', 'Full time'),
(22, 'Victor Tan', '2021-04-30', 'Full time'),
(23, 'Wendy Lim', '2019-10-23', 'Full time'),
(24, 'Xavier Goh', '2022-02-11', 'Full time'),
(25, 'Yvonne Tan', '2021-07-27', 'Full time'),
(26, 'Zachary Lee', '2019-07-06', 'Full time'),
(27, 'Aaron Chua', '2022-09-15', 'Full time'),
(28, 'Brenda Wong', '2020-01-03', 'Full time'),
(29, 'Chris Tan', '2021-05-21', 'Full time'),
(30, 'Dana Lim', '2022-08-09', 'Full time');

INSERT INTO VEHICLE (VID, License, Type, Capacity) VALUES
(1, 'SGA1001A', 'Lorry', 5000.00),
(2, 'SGB2002B', 'Van', 1500.00),
(3, 'SGC3003C', 'Truck', 10000.00),
(4, 'SGD4004D', 'Lorry', 5000.00),
(5, 'SGE5005E', 'Van', 1500.00),
(6, 'SGF6006F', 'Truck', 10000.00),
(7, 'SGG7007G', 'Lorry', 5000.00),
(8, 'SGH8008H', 'Van', 1500.00),
(9, 'SGI9009I', 'Truck', 10000.00),
(10, 'SGJ1010J', 'Lorry', 5000.00),
(11, 'SGK1111K', 'Van', 2000.00),
(12, 'SGL1212L', 'Truck', 8000.00),
(13, 'SGM1313M', 'Lorry', 4500.00),
(14, 'SGN1414N', 'Van', 1800.00),
(15, 'SGO1515O', 'Truck', 9500.00),
(16, 'SGP1616P', 'Lorry', 5200.00),
(17, 'SGQ1717Q', 'Van', 1600.00),
(18, 'SGR1818R', 'Truck', 11000.00),
(19, 'SGS1919S', 'Lorry', 4800.00),
(20, 'SGT2020T', 'Van', 1400.00),
(21, 'SGU2121U', 'Truck', 12000.00),
(22, 'SGV2222V', 'Lorry', 5100.00),
(23, 'SGW2323W', 'Van', 1700.00),
(24, 'SGX2424X', 'Truck', 9800.00),
(25, 'SGY2525Y', 'Lorry', 4600.00),
(26, 'SGZ2626Z', 'Van', 1300.00),
(27, 'SHA2727A', 'Truck', 10500.00),
(28, 'SHB2828B', 'Lorry', 4900.00),
(29, 'SHC2929C', 'Van', 1550.00),
(30, 'SHD3030D', 'Truck', 9000.00);

INSERT INTO EMPLOYEE (StaffID, Certification, WID) VALUES
(1, 'Forklift Operation', 1),
(2, 'Warehouse Safety', 2),
(3, 'Inventory Management', 3),
(4, 'First Aid', 4),
(5, 'Hazardous Materials', 5),
(6, 'Cold Chain Handling', 6),
(7, 'Forklift Operation', 7),
(8, 'Quality Control', 8),
(9, 'Warehouse Safety', 9),
(10, 'Inventory Management', 10),
(11, 'Forklift Operation', 11),
(12, 'Cold Chain Handling', 12),
(13, 'Hazardous Materials', 13),
(14, 'Quality Control', 14),
(15, 'First Aid', 15);

INSERT INTO DRIVER (StaffID, LicenseNumber, VID) VALUES
(16, 'LIC-001', 1),
(17, 'LIC-002', 2),
(18, 'LIC-003', 3),
(19, 'LIC-004', 4),
(20, 'LIC-005', 5),
(21, 'LIC-006', 6),
(22, 'LIC-007', 7),
(23, 'LIC-008', 8),
(24, 'LIC-009', 9),
(25, 'LIC-010', 10),
(26, 'LIC-011', 11),
(27, 'LIC-012', 12),
(28, 'LIC-013', 13),
(29, 'LIC-014', 14),
(30, 'LIC-015', 15);

INSERT INTO ITEM (ItemSerialNo, PID) VALUES
(1, 1),
(2, 2),
(3, 3),
(4, 4),
(5, 5),
(6, 6),
(7, 7),
(8, 8),
(9, 9),
(10, 10),
(11, 11),
(12, 12),
(13, 13),
(14, 14),
(15, 15),
(16, 16),
(17, 17),
(18, 18),
(19, 19),
(20, 20),
(21, 21),
(22, 22),
(23, 23),
(24, 24),
(25, 25),
(26, 26),
(27, 27),
(28, 28),
(29, 29),
(30, 30);

INSERT INTO ZONE (WID, Code) VALUES
(1, 1),
(2, 1),
(3, 1),
(4, 1),
(5, 1),
(6, 1),
(7, 1),
(8, 1),
(9, 1),
(10,1),
(11,1),
(12,1),
(13,1),
(14,1),
(15,1),
(16,1),
(17,1),
(18,1),
(19,1),
(20,1),
(21,1),
(22,1),
(23,1),
(24,1),
(25,1),
(26,1),
(27,1),
(28,1),
(29,1),
(30,1);

INSERT INTO LOCATION (LocationID, LocationName, WID, Code) VALUES
(1,'Aisle A - Rack 1',1,1),(2,'Bay 1 - Shelf 1',2,1),(3,'Section C - Row 1',3,1),
(4,'Cold Room A',4,1),(5,'Block E - Level 1',5,1),(6,'Freezer Zone A',6,1),
(7,'Rack G - Bay 1',7,1),(8,'Secure Bay 1',8,1),(9,'Open Area 1',9,1),
(10,'Mezzanine A',10,1),(11,'Aisle B - Rack 1',11,1),(12,'Bay 2 - Shelf 1',12,1),
(13,'Section D - Row 1',13,1),(14,'Cold Room B',14,1),(15,'Block F - Level 1',15,1),
(16,'Freezer Zone B',16,1),(17,'Rack H - Bay 1',17,1),(18,'Secure Bay 2',18,1),
(19,'Open Area 2',19,1),(20,'Mezzanine B',20,1),(21,'LA Bay 1 - Rack A',21,1),
(22,'LA Bay 2 - Rack B',22,1),(23,'LA Cold Store',23,1),(24,'LA Secure Zone',24,1),
(25,'LA Overflow Area',25,1),(26,'TH Dock A - Row 1',26,1),(27,'TH Bay 1 - Shelf A',27,1),
(28,'TH Secure Store',28,1),(29,'TH Cold Room',29,1),(30,'TH Overflow Zone',30,1);

INSERT INTO INVENTORY_MOVEMENT (Timestamp, Movement, Reasons) VALUES
('2025-01-10 08:00:00', 'In', 'New stock received from supplier'),
('2025-01-18 09:00:00', 'In', 'Purchase order fulfillment'),
('2025-01-25 10:00:00', 'Out', 'Client order dispatched'),
('2025-02-05 08:30:00', 'Out', 'Customer delivery completed'),
('2025-02-12 09:30:00', 'Transfer', 'Moved to cold storage zone'),
('2025-02-20 10:30:00', 'In', 'Replenishment stock arrival'),
('2025-03-03 08:00:00', 'Out', 'Bulk order shipped to client'),
('2025-03-10 09:00:00', 'In', 'Supplier delivery received'),
('2025-03-17 10:00:00', 'Transfer', 'Reallocation between warehouses'),
('2025-03-24 08:30:00', 'Out', 'Routine client dispatch'),
('2025-04-03 09:00:00', 'In', 'Stock received, quality checked'),
('2025-04-09 10:00:00', 'Out', 'Urgent order fulfilled'),
('2025-04-16 08:00:00', 'In', 'Scheduled replenishment'),
('2025-04-23 09:30:00', 'Other', 'Stock adjustment after audit'),
('2025-05-05 08:00:00', 'In', 'New product line received'),
('2025-05-12 09:00:00', 'Out', 'Standard delivery to client'),
('2025-05-20 10:00:00', 'Transfer', 'Overflow moved to secondary hub'),
('2025-05-27 08:30:00', 'In', 'Restocking after low inventory alert'),
('2025-06-04 09:00:00', 'Out', 'Weekend order batch dispatched'),
('2025-06-11 10:00:00', 'In', 'Monthly replenishment cycle'),
('2025-06-18 08:00:00', 'Out', 'Express delivery order'),
('2025-06-25 09:00:00', 'Transfer', 'Seasonal rearrangement'),
('2025-07-03 10:00:00', 'Other', 'Damaged goods written off'),
('2025-07-10 08:30:00', 'In', 'Bulk purchase order received'),
('2025-07-17 09:00:00', 'Out', 'Scheduled client shipment'),
('2025-07-24 10:00:00', 'In', 'Emergency restock'),
('2025-07-31 08:00:00', 'Out', 'End of month clearance dispatch'),
('2025-08-07 09:00:00', 'In', 'New supplier stock arrival'),
('2025-08-14 10:00:00', 'Transfer', 'Cross-warehouse stock balance'),
('2025-08-21 08:30:00', 'In', 'Quarterly replenishment received');

INSERT INTO INVENTORY (PID, WID, CID, SerialNo, rQty, hQty, sQty, oQty, Timestamp) VALUES
(1, 1, 1, 101, 50, 5, 40, 10, '2025-01-10 08:00:00'),
(2, 2, 2, 102, 30, 3, 25, 5, '2025-01-18 09:00:00'),
(3, 3, 3, 103, 10, 1, 8, 2, '2025-01-25 10:00:00'),
(4, 4, 4, 104, 8, 1, 6, 2, '2025-02-05 08:30:00'),
(5, 5, 5, 105, 100, 10, 80, 20, '2025-02-12 09:30:00'),
(6, 6, 6, 106, 60, 5, 50, 10, '2025-02-20 10:30:00'),
(7, 7, 7, 107, 40, 4, 32, 8, '2025-03-03 08:00:00'),
(8, 8, 8, 108, 200, 20, 160, 40, '2025-03-10 09:00:00'),
(9, 9, 9, 109, 25, 2, 20, 5, '2025-03-17 10:00:00'),
(10, 10, 10, 110, 70, 7, 56, 14, '2025-03-24 08:30:00'),
(11, 11, 11, 111, 150, 15, 120, 30, '2025-04-03 09:00:00'),
(12, 12, 12, 112, 300, 30, 240, 60, '2025-04-09 10:00:00'),
(13, 13, 13, 113, 20, 2, 16, 4, '2025-04-16 08:00:00'),
(14, 14, 14, 114, 45, 4, 36, 9, '2025-04-23 09:30:00'),
(15, 15, 15, 115, 15, 1, 12, 3, '2025-05-05 08:00:00'),
(16, 16, 16, 116, 80, 8, 64, 16, '2025-05-12 09:00:00'),
(17, 17, 17, 117, 55, 5, 44, 11, '2025-05-20 10:00:00'),
(18, 18, 18, 118, 250, 25, 200, 50, '2025-05-27 08:30:00'),
(19, 19, 19, 119, 180, 18, 144, 36, '2025-06-04 09:00:00'),
(20, 20, 20, 120, 30, 3, 24, 6, '2025-06-11 10:00:00'),
(21, 21, 21, 121, 40, 4, 32, 8, '2025-06-18 08:00:00'),
(22, 22, 22, 122, 60, 6, 48, 12, '2025-06-25 09:00:00'),
(23, 23, 23, 123, 90, 9, 72, 18, '2025-07-03 10:00:00'),
(24, 24, 24, 124, 12, 1, 10, 2, '2025-07-10 08:30:00'),
(25, 25, 25, 125, 95, 9, 76, 19, '2025-07-17 09:00:00'),
(26, 26, 26, 126, 400, 40, 320, 80, '2025-07-24 10:00:00'),
(27, 27, 27, 127, 18, 2, 14, 4, '2025-07-31 08:00:00'),
(28, 28, 28, 128, 500, 50, 400,100, '2025-08-07 09:00:00'),
(29, 29, 29, 129, 35, 3, 28, 7, '2025-08-14 10:00:00'),
(30, 30, 30, 130, 22, 2, 18, 4, '2025-08-21 08:30:00');

INSERT INTO SUPPLY (CID, SupplierID, PID, Period) VALUES
(1, 1, 1, 3),
(2, 2, 2, 6),
(3, 3, 3, 1),
(4, 4, 4, 3),
(5, 5, 5, 6),
(6, 6, 6, 3),
(7, 7, 7, 12),
(8, 8, 8, 1),
(9, 9, 9, 3),
(10, 10, 10, 6),
(11, 11, 11, 3),
(12, 12, 12, 1),
(13, 13, 13, 6),
(14, 14, 14, 3),
(15, 15, 15, 12),
(16, 16, 16, 3),
(17, 17, 17, 6),
(18, 18, 18, 1),
(19, 19, 19, 3),
(20, 20, 20, 6),
(21, 21, 21, 3),
(22, 22, 22, 1),
(23, 23, 23, 12),
(24, 24, 24, 3),
(25, 25, 25, 6),
(26, 26, 26, 3),
(27, 27, 27, 1),
(28, 28, 28, 6),
(29, 29, 29, 3),
(30, 30, 30, 12);

INSERT INTO ROUTE (RID, Date, TotalDistance, TotalStops, Status) VALUES
(1,'2024-01-10',45.50,3,'Completed'),(2,'2024-01-25',62.30,4,'Completed'),
(3,'2024-02-08',33.10,2,'Completed'),(4,'2024-02-20',78.90,5,'Completed'),
(5,'2024-03-05',51.20,3,'Completed'),(6,'2024-03-18',40.00,2,'Completed'),
(7,'2024-04-02',88.70,6,'Completed'),(8,'2024-04-15',29.50,2,'Completed'),
(9,'2024-05-01',66.40,4,'Completed'),(10,'2024-05-14',55.80,3,'Completed'),
(11,'2024-06-03',72.10,5,'Completed'),(12,'2024-06-16',38.60,2,'Completed'),
(13,'2024-07-01',91.20,6,'Completed'),(14,'2024-07-14',44.30,3,'Completed'),
(15,'2024-08-02',57.90,4,'Completed'),(16,'2024-08-18',36.70,2,'Completed'),
(17,'2024-09-05',83.00,5,'Completed'),(18,'2024-09-20',49.40,3,'Completed'),
(19,'2024-10-04',68.20,4,'Completed'),(20,'2024-10-19',25.60,2,'Completed'),
(21,'2024-11-03',74.80,5,'Completed'),(22,'2024-11-17',42.10,3,'Completed'),
(23,'2024-12-02',96.30,6,'Completed'),(24,'2024-12-16',60.50,4,'Completed'),
(25,'2024-12-20',31.90,2,'Completed'),(26,'2024-10-10',85.40,5,'Completed'),
(27,'2024-11-22',53.70,3,'Completed'),(28,'2024-08-30',47.20,3,'Completed'),
(29,'2024-03-25',70.60,4,'Completed'),(30,'2024-06-28',39.80,2,'Completed'),
(31,'2025-01-10',45.50,3,'Completed'),(32,'2025-01-18',62.30,4,'Completed'),
(33,'2025-01-25',33.10,2,'Completed'),(34,'2025-02-05',78.90,5,'Completed'),
(35,'2025-02-12',51.20,3,'Completed'),(36,'2025-02-20',40.00,2,'Completed'),
(37,'2025-03-03',88.70,6,'Completed'),(38,'2025-03-10',29.50,2,'Completed'),
(39,'2025-03-17',66.40,4,'Completed'),(40,'2025-03-24',55.80,3,'Completed'),
(41,'2025-03-30',72.10,5,'Completed'),(42,'2025-04-09',38.60,2,'Completed'),
(43,'2025-04-16',91.20,6,'Completed'),(44,'2025-04-23',44.30,3,'Cancelled'),
(45,'2025-05-05',57.90,4,'Completed'),(46,'2025-05-12',36.70,2,'Completed'),
(47,'2025-05-20',83.00,5,'Completed'),(48,'2025-05-27',49.40,3,'Completed'),
(49,'2025-06-04',68.20,4,'Completed'),(50,'2025-06-11',25.60,2,'Completed'),
(51,'2025-06-18',74.80,5,'Completed'),(52,'2025-06-25',42.10,3,'Completed'),
(53,'2025-07-03',96.30,6,'Cancelled'),(54,'2025-07-10',60.50,4,'Completed'),
(55,'2025-07-17',31.90,2,'Completed'),(56,'2025-07-24',85.40,5,'Completed'),
(57,'2025-07-31',53.70,3,'Completed'),(58,'2025-08-07',47.20,3,'Completed'),
(59,'2025-08-14',70.60,4,'Completed'),(60,'2025-08-21',39.80,2,'Completed'),
(61,'2025-09-04',55.10,3,'Completed'),(62,'2025-09-11',62.40,4,'Completed'),
(63,'2025-09-18',48.70,3,'Completed'),(64,'2025-09-25',71.30,5,'Completed'),
(65,'2025-10-03',35.60,2,'Completed'),(66,'2025-10-10',80.20,5,'Completed'),
(67,'2025-10-17',44.90,3,'Completed'),(68,'2025-10-24',67.50,4,'Completed'),
(69,'2025-11-06',53.80,3,'Completed'),(70,'2025-11-10',29.40,2,'Completed'),
(71,'2025-11-15',75.60,5,'Completed'),(72,'2025-11-20',41.20,3,'Completed'),
(73,'2025-11-25',88.90,6,'Completed'),(74,'2025-11-30',56.30,4,'Completed'),
(75,'2025-12-06',33.70,2,'Completed'),(76,'2025-12-13',79.40,5,'Completed'),
(77,'2025-12-20',47.80,3,'Completed'),(78,'2025-12-27',61.20,4,'Completed'),
(79,'2025-12-30',38.50,2,'Completed'),(80,'2025-12-31',72.10,5,'Planned'),
(81,'2025-03-10',50.30,3,'Completed'),(82,'2025-03-17',44.60,3,'Completed'),
(83,'2025-12-05',66.80,4,'Completed'),(84,'2025-11-08',35.20,2,'Completed'),
(85,'2025-03-24',82.50,5,'Completed'),(86,'2025-09-06',49.70,3,'Completed'),
(87,'2025-10-12',58.40,4,'Completed'),(88,'2025-11-27',43.10,3,'Completed'),
(89,'2025-12-08',77.60,5,'Completed'),(90,'2026-01-17',32.90,2,'Completed');

INSERT INTO ORDER_ITEM (OID, ItemSerialNo, OrderedQty, UnitPrice, ExDelDate) VALUES
(1,1,2,55.00,'2024-01-19'),(2,2,5,45.00,'2024-02-03'),(3,3,1,280.00,'2024-02-22'),
(4,4,1,480.00,'2024-03-08'),(5,5,3,50.00,'2024-03-17'),(6,6,2,30.00,'2024-03-24'),
(7,7,1,35.00,'2024-04-01'),(8,8,4,22.00,'2024-04-11'),(9,9,1,75.00,'2024-04-19'),
(10,10,2,38.00,'2024-05-03'),(11,11,6,18.00,'2024-05-16'),(12,12,10,10.00,'2024-05-31'),
(13,13,1,150.00,'2024-06-15'),(14,14,2,55.00,'2024-06-29'),(15,15,1,200.00,'2024-07-18'),
(16,16,3,42.00,'2024-08-02'),(17,17,2,38.00,'2024-08-16'),(18,18,5,18.00,'2024-08-30'),
(19,19,4,16.00,'2024-09-15'),(20,20,1,110.00,'2024-09-28'),(21,21,1,75.00,'2024-10-17'),
(22,22,2,48.00,'2024-10-31'),(23,23,3,14.00,'2024-11-16'),(24,24,1,210.00,'2024-11-24'),
(25,25,2,38.00,'2024-12-02'),(26,26,5,12.00,'2024-12-09'),(27,27,1,130.00,'2024-12-19'),
(28,28,4,20.00,'2024-12-26'),(29,29,2,26.00,'2025-01-02'),(30,30,1,60.00,'2025-01-10'),
(31,1,2,55.00,'2025-01-19'),(32,2,5,45.00,'2025-01-26'),(33,3,1,280.00,'2025-02-03'),
(34,4,1,480.00,'2025-02-16'),(35,5,3,50.00,'2025-02-24'),(36,6,2,30.00,'2025-03-04'),
(37,7,1,35.00,'2025-03-15'),(38,8,4,22.00,'2025-03-22'),(39,9,1,75.00,'2025-03-29'),
(40,10,2,38.00,'2025-04-05'),(41,11,6,18.00,'2025-04-11'),(42,12,10,10.00,'2025-04-21'),
(43,13,1,150.00,'2025-04-28'),(44,14,2,55.00,'2025-05-05'),(45,15,1,200.00,'2025-05-17'),
(46,16,3,42.00,'2025-05-24'),(47,17,2,38.00,'2025-06-01'),(48,18,5,18.00,'2025-06-08'),
(49,19,4,16.00,'2025-06-16'),(50,20,1,110.00,'2025-06-23'),(51,21,1,75.00,'2025-07-01'),
(52,22,2,48.00,'2025-07-07'),(53,23,3,14.00,'2025-07-15'),(54,24,1,210.00,'2025-07-22'),
(55,25,2,38.00,'2025-07-29'),(56,26,5,12.00,'2025-08-05'),(57,27,1,130.00,'2025-08-12'),
(58,28,4,20.00,'2025-08-19'),(59,29,2,26.00,'2025-08-26'),(60,30,1,60.00,'2025-09-02'),
(61,1,2,55.00,'2025-09-16'),(62,2,3,45.00,'2025-09-23'),(63,3,1,280.00,'2025-09-30'),
(64,4,2,480.00,'2025-10-07'),(65,5,1,50.00,'2025-10-15'),(66,6,3,30.00,'2025-10-22'),
(67,7,2,35.00,'2025-10-29'),(68,8,1,22.00,'2025-11-05'),(69,9,2,75.00,'2025-11-15'),
(70,10,3,38.00,'2025-11-19'),(71,11,4,18.00,'2025-11-24'),(72,12,2,10.00,'2025-11-29'),
(73,13,1,150.00,'2025-12-04'),(74,14,3,55.00,'2025-12-09'),(75,15,2,200.00,'2025-12-15'),
(76,16,1,42.00,'2025-12-20'),(77,17,2,38.00,'2025-12-25'),(78,18,3,18.00,'2025-12-30'),
(79,19,1,16.00,'2026-01-04'),(80,20,2,110.00,'2026-01-09'),
(81,21,1,75.00,'2025-03-19'),(82,22,2,48.00,'2025-03-26'),(83,23,1,14.00,'2025-12-12'),
(84,24,2,210.00,'2025-11-17'),(85,25,1,38.00,'2025-04-02'),(86,26,3,12.00,'2025-01-22'),
(87,27,1,130.00,'2025-02-27'),(88,28,2,20.00,'2025-04-01'),(89,29,1,26.00,'2025-04-22'),
(90,30,2,60.00,'2025-05-17');

INSERT INTO SHIPMENT
(ShipmentID, OriginalLocation, TrackingNumber, ShippedDate, ExShippedDate, AcShippedDate, OID)
VALUES

-- OID 130 (2024 orders)
(1,'Singapore Port','TRK-00001','2025-01-06','2025-01-15','2025-08-20',1),
(2,'Jurong Warehouse','TRK-00002','2024-01-21','2024-01-28','2024-01-27',2),
(3,'Laem Chabang Port','TRK-00003','2025-02-09','2025-02-18','2025-09-20',3),
(4,'Bangkok Logistics Hub','TRK-00004','2025-02-23','2025-02-23','2025-10-01',4),
(5,'Los Angeles Port','TRK-00005','2025-03-04','2025-03-09','2025-10-15',5),
(6,'LA Distribution Center','TRK-00006','2024-03-11','2024-03-18','2024-03-17',6),
(7,'LA Logistics Hub','TRK-00007','2024-03-19','2024-03-26','2024-03-25',7),
(8,'Singapore Port','TRK-00008','2024-03-29','2024-04-05','2024-04-04',8),
(9,'Jurong Warehouse','TRK-00009','2024-04-06','2024-04-13','2024-04-12',9),
(10,'Laem Chabang Port','TRK-00010','2024-04-20','2024-04-27','2024-04-26',10),

(11,'Bangkok Logistics Hub','TRK-00011','2024-05-03','2024-05-10','2024-05-09',11),
(12,'Singapore Port','TRK-00012','2024-05-18','2024-05-25','2024-05-24',12),
(13,'Jurong Warehouse','TRK-00013','2024-06-02','2024-06-09','2024-06-08',13),
(14,'Los Angeles Port','TRK-00014','2024-06-16','2024-06-23','2024-06-22',14),
(15,'LA Distribution Center','TRK-00015','2024-07-05','2024-07-12','2024-07-11',15),
(16,'LA Logistics Hub','TRK-00016','2024-07-20','2024-07-27','2024-07-26',16),
(17,'Singapore Port','TRK-00017','2024-08-03','2024-08-10','2024-08-09',17),
(18,'Jurong Warehouse','TRK-00018','2024-08-17','2024-08-24','2024-08-23',18),
(19,'Laem Chabang Port','TRK-00019','2024-09-02','2024-09-09','2024-09-08',19),
(20,'Bangkok Logistics Hub','TRK-00020','2024-09-15','2024-09-22','2024-09-21',20),

(21,'Singapore Port','TRK-00021','2025-01-10','2025-01-10','2025-08-15',21),
(22,'Jurong Warehouse','TRK-00022','2024-10-18','2024-10-25','2024-10-24',22),
(23,'Los Angeles Port','TRK-00023','2024-11-03','2024-11-10','2024-11-09',23),
(24,'LA Distribution Center','TRK-00024','2024-11-11','2024-11-18','2024-11-17',24),
(25,'LA Logistics Hub','TRK-00025','2024-11-19','2024-11-26','2024-11-25',25),
(26,'Singapore Port','TRK-00026','2024-11-26','2024-12-03','2024-12-02',26),
(27,'Jurong Warehouse','TRK-00027','2024-12-06','2024-12-13','2024-12-12',27),
(28,'Laem Chabang Port','TRK-00028','2024-12-13','2024-12-20','2024-12-19',28),
(29,'Bangkok Logistics Hub','TRK-00029','2024-12-20','2024-12-27','2024-12-26',29),
(30,'Singapore Port','TRK-00030','2024-12-28','2025-01-04','2025-01-03',30),

-- 3190 (2025 orders aligned properly)
(31,'Singapore Port','TRK-00031','2025-01-06','2025-01-14','2025-08-20',31),
(32,'Jurong Warehouse','TRK-00032','2025-01-13','2025-01-20','2025-01-19',32),
(33,'Laem Chabang Port','TRK-00033','2025-01-21','2025-01-28','2025-01-27',33),
(34,'Bangkok Logistics Hub','TRK-00034','2025-02-03','2025-02-10','2025-02-09',34),

-- skip cancelled (35)

(35,'Singapore Port','TRK-00035','2025-02-19','2025-02-26','2025-02-25',36),
(36,'Jurong Warehouse','TRK-00036','2025-03-02','2025-03-09','2025-03-08',37),
(37,'Los Angeles Port','TRK-00037','2025-03-09','2025-03-16','2025-03-15',38),
(38,'LA Distribution Center','TRK-00038','2025-03-16','2025-03-23','2025-03-22',39),

(39,'Los Angeles Port','TRK-00039','2025-03-30','2025-04-05','2025-04-01',39),
(40,'LA Distribution Center','TRK-00040','2025-04-05','2025-04-10','2025-04-07',40),
(41,'LA Logistics Hub','TRK-00041','2025-04-10','2025-04-15','2025-04-18',41),
(42,'Singapore Port','TRK-00042','2025-04-15','2025-04-20','2025-04-27',42),
(43,'Jurong Warehouse','TRK-00043','2025-04-20','2025-04-27','2025-05-01',43),
(44,'Los Angeles Port','TRK-00044','2025-04-27','2025-05-03','2025-05-05',44),
(45,'LA Distribution Center','TRK-00045','2025-05-03','2025-11-20','2025-11-15',45),
(46,'LA Logistics Hub','TRK-00046','2025-05-10','2025-05-15','2025-05-18',46),
(47,'Singapore Port','TRK-00047','2025-05-15','2025-05-22','2025-05-20',47),
(48,'Jurong Warehouse','TRK-00048','2025-05-22','2025-05-30','2025-06-01',48),
(49,'Los Angeles Port','TRK-00049','2025-05-30','2025-06-05','2025-06-10',49),
(50,'LA Distribution Center','TRK-00050','2025-06-05','2025-06-12','2025-06-15',50),
(51,'LA Logistics Hub','TRK-00051','2025-06-12','2025-12-24','2025-12-20',51),
(52,'Singapore Port','TRK-00052','2025-06-19','2025-06-26','2025-06-28',52),
(53,'Jurong Warehouse','TRK-00053','2025-06-26','2025-07-05','2025-07-07',53),
(54,'Los Angeles Port','TRK-00054','2025-07-05','2025-07-12','2025-07-15',54),
(55,'LA Distribution Center','TRK-00055','2025-07-12','2025-07-20','2025-07-25',55),
(56,'LA Logistics Hub','TRK-00056','2025-07-19','2025-07-28','2025-08-01',56),
(57,'Singapore Port','TRK-00057','2025-07-28','2026-02-10','2026-02-05',57),
(58,'Jurong Warehouse','TRK-00058','2025-08-03','2025-08-10','2025-08-05',58),
(59,'Los Angeles Port','TRK-00059','2025-08-10','2025-08-18','2025-08-15',59),
(60,'LA Distribution Center','TRK-00060','2025-08-17','2026-03-01','2026-03-05',60),
(61,'LA Logistics Hub','TRK-00061','2025-03-20','2026-03-15','2026-03-10',61),
(62,'Singapore Port','TRK-00062','2025-09-18','2025-09-25','2025-09-20',62),
(63,'Jurong Warehouse','TRK-00063','2025-09-28','2025-10-02','2025-10-05',63),
(64,'Los Angeles Port','TRK-00064','2025-10-03','2025-10-09','2025-10-15',64),
(65,'LA Distribution Center','TRK-00065','2026-04-05','2026-04-10','2026-04-05',65),
(66,'LA Logistics Hub','TRK-00066','2025-10-22','2025-10-25','2025-10-28',66),
(67,'Singapore Port','TRK-00067','2025-10-28','2025-11-02','2025-11-05',67),
(68,'Jurong Warehouse','TRK-00068','2025-11-02','2025-11-09','2025-11-15',68),
(69,'Los Angeles Port','TRK-00069','2026-05-05','2026-05-10','2026-05-05',69),
(70,'LA Distribution Center','TRK-00070','2025-11-18','2025-11-23','2025-12-01',70),
(71,'LA Logistics Hub','TRK-00071','2025-11-23','2025-12-01','2025-12-10',71),
(72,'Singapore Port','TRK-00072','2025-11-29','2025-12-08','2025-12-15',72),
(73,'Jurong Warehouse','TRK-00073','2025-12-03','2025-12-08','2025-12-20',73),
(74,'Los Angeles Port','TRK-00074','2025-12-10','2025-12-22','2025-12-25',74),
(75,'LA Distribution Center','TRK-00075','2026-06-10','2026-06-15','2026-06-10',75),
(76,'LA Logistics Hub','TRK-00076','2026-01-01','2026-01-05','2026-01-01',76),
(77,'Singapore Port','TRK-00077','2026-01-02','2026-01-10','2026-01-05',77),
(78,'Jurong Warehouse','TRK-00078','2026-01-10','2026-01-18','2026-01-12',78),
(79,'Los Angeles Port','TRK-00079','2026-01-18','2026-01-25','2026-01-18',79),

(80,'Singapore Port','TRK-00080','2025-12-27','2026-01-03','2026-01-02',80),
(81,'Jurong Warehouse','TRK-00081','2025-03-06','2025-03-13','2025-03-12',81),
(82,'Los Angeles Port','TRK-00082','2025-03-13','2025-03-20','2025-03-19',82),
(83,'Singapore Port','TRK-00083','2025-11-29','2025-12-06','2025-12-05',83),
(84,'Jurong Warehouse','TRK-00084','2025-11-04','2025-11-11','2025-11-10',84),
(85,'LA Logistics Hub','TRK-00085','2025-03-20','2025-03-27','2025-03-26',85),
(86,'LA Distribution Center','TRK-00086','2025-03-26','2025-04-02','2025-04-01',86),
(87,'Singapore Port','TRK-00087','2025-11-09','2025-11-16','2025-11-15',87),
(88,'Jurong Warehouse','TRK-00088','2025-11-14','2025-11-21','2025-11-20',88),
(89,'Los Angeles Port','TRK-00089','2025-03-30','2025-04-06','2025-04-05',89),
(90,'Singapore Port','TRK-00090','2025-11-18','2025-11-25','2025-11-24',90),

-- 91120 (extra shipments, valid many-to-one)
(91,'Singapore Port','TRK-00091','2025-12-02','2025-12-09','2025-12-08',75),
(92,'Jurong Warehouse','TRK-00092','2025-12-03','2025-12-10','2025-12-09',75),
(93,'Los Angeles Port','TRK-00093','2025-08-20','2025-08-27','2025-08-26',60),
(94,'LA Distribution Center','TRK-00094','2025-08-21','2025-08-28','2025-08-27',60),
(95,'LA Logistics Hub','TRK-00095','2025-05-04','2025-05-11','2025-05-10',45),
(96,'Singapore Port','TRK-00096','2025-05-05','2025-05-12','2025-05-11',45),
(97,'Jurong Warehouse','TRK-00097','2025-09-03','2025-09-10','2025-09-09',61),
(98,'Singapore Port','TRK-00098','2025-09-04','2025-09-11','2025-09-10',61),
(99,'Los Angeles Port','TRK-00099','2025-10-02','2025-10-09','2025-10-08',65),
(100,'LA Distribution Center','TRK-00100','2025-10-03','2025-10-10','2025-10-09',65),
(101,'Singapore Port','TRK-00101','2025-06-17','2025-06-24','2025-06-23',51),
(102,'Jurong Warehouse','TRK-00102','2025-06-18','2025-06-25','2025-06-24',51),
(103,'LA Logistics Hub','TRK-00103','2025-07-30','2025-08-06','2025-08-05',57),
(104,'Singapore Port','TRK-00104','2025-07-31','2025-08-07','2025-08-06',57),
(105,'Los Angeles Port','TRK-00105','2025-11-02','2025-11-09','2025-11-08',69),
(106,'LA Distribution Center','TRK-00106','2025-11-03','2025-11-10','2025-11-09',69),
(107,'Singapore Port','TRK-00107','2025-12-07','2025-12-14','2025-12-13',76),
(108,'Jurong Warehouse','TRK-00108','2025-12-08','2025-12-15','2025-12-14',76),
(109,'LA Logistics Hub','TRK-00109','2025-12-12','2025-12-19','2025-12-18',77),
(110,'Singapore Port','TRK-00110','2025-12-13','2025-12-20','2025-12-19',77),
(111,'Los Angeles Port','TRK-00111','2025-12-17','2025-12-24','2025-12-23',78),
(112,'LA Distribution Center','TRK-00112','2025-12-18','2025-12-25','2025-12-24',78),
(113,'Singapore Port','TRK-00113','2025-12-22','2025-12-29','2025-12-28',79),
(114,'Jurong Warehouse','TRK-00114','2025-12-23','2025-12-30','2025-12-29',79),
(115,'LA Logistics Hub','TRK-00115','2025-12-27','2026-01-03','2026-01-02',80),
(116,'Singapore Port','TRK-00116','2025-12-28','2026-01-04','2026-01-03',80),
(117,'Los Angeles Port','TRK-00117','2025-03-06','2025-03-13','2025-03-12',81),
(118,'LA Distribution Center','TRK-00118','2025-03-07','2025-03-14','2025-03-13',81),
(119,'Singapore Port','TRK-00119','2025-11-04','2025-11-11','2025-11-10',84),
(120,'Jurong Warehouse','TRK-00120','2025-11-05','2025-11-12','2025-11-11',84);

INSERT INTO SHIPMENT_TO_WAREHOUSE (ShipmentID, WID) VALUES

-- ShipmentID 1–20 (Singapore / Jurong WID 1–20)
(1,1),(1,2),(1,3),
(2,4),(2,5),
(3,6),(3,7),(3,8),
(4,9),(4,10),
(5,11),(5,12),
(6,13),(6,14),(6,15),
(7,16),(7,17),
(8,18),(8,19),(8,20),
(9,1),(9,5),
(10,2),(10,6),
(11,3),(11,7),
(12,4),(12,8),
(13,9),(13,10),
(14,11),(14,12),
(15,13),(15,14),
(16,21),(17,22),(18,23),(19,24),(20,25),

-- ShipmentID 21–40
(21,21),(21,22),
(22,23),
(23,24),(23,25),
(24,21),
(25,22),
(26,26),(27,27),(28,28),(29,29),(30,30),
(31,26),(32,27),(33,28),(34,29),
(35,30),(36,26),(37,27),(38,28),
(39,21),(40,22),

-- ShipmentID 41–60
(41,23),(42,24),(43,25),(44,21),(45,22),(46,23),(47,24),(48,25),(49,21),(50,22),
(51,23),(52,24),(53,25),(54,21),(55,22),(56,23),(57,24),(58,25),(59,21),(60,22),

-- ShipmentID 61–80
(61,23),(62,24),(63,25),(64,21),(65,22),(66,23),(67,24),(68,25),(69,21),(70,22),
(71,23),(72,24),(73,25),(74,21),(75,22),(76,23),(77,24),(78,25),(79,21),(80,22),

-- ShipmentID 81–100
(81,16),(82,17),(83,18),(84,19),(85,20),(86,18),(87,24),(88,19),(89,19),(90,25),
(91,1),(92,2),(93,21),(94,22),(95,23),(96,1),(97,2),(98,1),(99,23),(100,24),

-- ShipmentID 101–120
(101,1),(101,21),(102,2),(102,22),(103,5),(103,23),(104,6),(104,24),(105,7),(105,25),
(106,8),(106,26),(107,9),(107,27),(108,10),(108,28),(109,11),(109,29),(110,12),(110,30),
(111,13),(111,21),(112,14),(112,22),(113,15),(113,23),(114,16),(114,24),(115,17),(115,25),
(116,18),(116,26),(117,19),(117,27),(118,20),(118,28),(119,1),(119,26),(120,2),(120,27);

INSERT INTO STOP (RID, Sequence, EstArrTime, ActArrTime) VALUES
(1,1,'2024-01-10 08:00:00','2024-01-10 08:15:00'),(2,1,'2024-01-25 09:00:00','2024-01-25 09:10:00'),
(3,1,'2024-02-08 10:00:00','2024-02-08 10:05:00'),(4,1,'2024-02-20 08:30:00','2024-02-20 08:45:00'),
(5,1,'2024-03-05 09:30:00','2024-03-05 09:40:00'),(6,1,'2024-03-18 10:30:00','2024-03-18 10:35:00'),
(7,1,'2024-04-02 08:00:00','2024-04-02 08:20:00'),(8,1,'2024-04-15 09:00:00','2024-04-15 09:05:00'),
(9,1,'2024-05-01 10:00:00','2024-05-01 10:10:00'),(10,1,'2024-05-14 08:30:00','2024-05-14 08:40:00'),
(11,1,'2024-06-03 09:00:00','2024-06-03 09:15:00'),(12,1,'2024-06-16 10:00:00','2024-06-16 10:05:00'),
(13,1,'2024-07-01 08:00:00','2024-07-01 08:25:00'),(14,1,'2024-07-14 09:30:00','2024-07-14 09:45:00'),
(15,1,'2024-08-02 08:00:00','2024-08-02 08:10:00'),(16,1,'2024-08-18 09:00:00','2024-08-18 09:05:00'),
(17,1,'2024-09-05 10:00:00','2024-09-05 10:15:00'),(18,1,'2024-09-20 08:30:00','2024-09-20 08:40:00'),
(19,1,'2024-10-04 09:00:00','2024-10-04 09:10:00'),(20,1,'2024-10-19 10:00:00','2024-10-19 10:05:00'),
(21,1,'2024-11-03 08:00:00','2024-11-03 08:20:00'),(22,1,'2024-11-17 09:00:00','2024-11-17 09:10:00'),
(23,1,'2024-12-02 10:00:00','2024-12-02 10:30:00'),(24,1,'2024-12-16 08:30:00','2024-12-16 08:45:00'),
(25,1,'2024-12-20 09:00:00','2024-12-20 09:05:00'),(26,1,'2024-10-10 10:00:00','2024-10-10 10:15:00'),
(27,1,'2024-11-22 08:00:00','2024-11-22 08:10:00'),(28,1,'2024-08-30 09:00:00','2024-08-30 09:05:00'),
(29,1,'2024-03-25 10:00:00','2024-03-25 10:20:00'),(30,1,'2024-06-28 08:30:00','2024-06-28 08:40:00'),
(31,1,'2025-01-10 08:00:00','2025-01-10 08:15:00'),(32,1,'2025-01-18 09:00:00','2025-01-18 09:10:00'),
(33,1,'2025-01-25 10:00:00','2025-01-25 10:05:00'),(34,1,'2025-02-05 08:30:00','2025-02-05 08:45:00'),
(35,1,'2025-02-12 09:30:00',NULL),(36,1,'2025-02-20 10:30:00','2025-02-20 10:35:00'),
(37,1,'2025-03-03 08:00:00','2025-03-03 08:20:00'),(38,1,'2025-03-10 09:00:00','2025-03-10 09:05:00'),
(39,1,'2025-03-17 10:00:00','2025-03-17 10:10:00'),(40,1,'2025-03-24 08:30:00','2025-03-24 08:40:00'),
(41,1,'2025-03-30 09:00:00','2025-03-30 09:10:00'),(42,1,'2025-04-09 10:00:00','2025-04-09 10:05:00'),
(43,1,'2025-04-16 08:00:00','2025-04-16 08:25:00'),(44,1,'2025-04-23 09:30:00',NULL),
(45,1,'2025-05-05 08:00:00','2025-05-05 08:10:00'),(46,1,'2025-05-12 09:00:00','2025-05-12 09:05:00'),
(47,1,'2025-05-20 10:00:00','2025-05-20 10:15:00'),(48,1,'2025-05-27 08:30:00','2025-05-27 08:40:00'),
(49,1,'2025-06-04 09:00:00','2025-06-04 09:10:00'),(50,1,'2025-06-11 10:00:00','2025-06-11 10:05:00'),
(51,1,'2025-06-18 08:00:00','2025-06-18 08:20:00'),(52,1,'2025-06-25 09:00:00','2025-06-25 09:10:00'),
(53,1,'2025-07-03 10:00:00',NULL),(54,1,'2025-07-10 08:30:00','2025-07-10 08:45:00'),
(55,1,'2025-07-17 09:00:00','2025-07-17 09:05:00'),(56,1,'2025-07-24 10:00:00','2025-07-24 10:15:00'),
(57,1,'2025-07-31 08:00:00','2025-07-31 08:10:00'),(58,1,'2025-08-07 09:00:00','2025-08-07 09:05:00'),
(59,1,'2025-08-14 10:00:00',NULL),(60,1,'2025-08-21 08:30:00','2025-08-21 08:35:00'),
(61,1,'2025-09-04 08:00:00','2025-09-04 08:10:00'),(62,1,'2025-09-11 09:00:00','2025-09-11 09:15:00'),
(63,1,'2025-09-18 10:00:00',NULL),(64,1,'2025-09-25 08:30:00','2025-09-25 08:45:00'),
(65,1,'2025-10-03 09:00:00','2025-10-03 09:10:00'),(66,1,'2025-10-10 10:00:00','2025-10-10 10:05:00'),
(67,1,'2025-10-17 08:00:00',NULL),(68,1,'2025-10-24 09:30:00','2025-10-24 09:40:00'),
(69,1,'2025-11-06 08:00:00','2025-11-06 08:15:00'),(70,1,'2025-11-10 09:00:00','2025-11-10 09:10:00'),
(71,1,'2025-11-15 10:00:00','2025-11-15 10:05:00'),(72,1,'2025-11-20 08:30:00',NULL),
(73,1,'2025-11-25 09:00:00','2025-11-25 09:10:00'),(74,1,'2025-11-30 10:00:00','2025-11-30 10:15:00'),
(75,1,'2025-12-06 08:00:00','2025-12-06 08:10:00'),(76,1,'2025-12-13 09:00:00',NULL),
(77,1,'2025-12-20 10:00:00',NULL),(78,1,'2025-12-27 08:30:00',NULL),
(79,1,'2025-12-30 09:00:00',NULL),(80,1,'2025-12-31 10:00:00',NULL),
(81,1,'2025-03-10 08:00:00','2025-03-10 08:10:00'),(82,1,'2025-03-17 09:00:00','2025-03-17 09:05:00'),
(83,1,'2025-12-05 10:00:00','2025-12-05 10:15:00'),(84,1,'2025-11-08 08:30:00','2025-11-08 08:40:00'),
(85,1,'2025-03-24 09:00:00','2025-03-24 09:10:00'),(86,1,'2025-09-06 10:00:00','2025-09-06 10:05:00'),
(87,1,'2025-10-12 08:00:00','2025-10-12 08:15:00'),(88,1,'2025-11-27 09:00:00','2025-11-27 09:10:00'),
(89,1,'2025-12-08 10:00:00','2025-12-08 10:05:00'),(90,1,'2026-01-17 08:30:00','2026-01-17 08:40:00');

INSERT INTO SUPPLIER_PURCHASE_ORDER (OID, SupplierID) VALUES
(1,1),(2,2),(3,3),(4,4),(5,5),(6,6),(7,7),(8,8),(9,9),(10,10),
(11,11),(12,12),(13,13),(14,14),(15,15),(16,16),(17,17),(18,18),(19,19),(20,20),
(21,21),(22,22),(23,23),(24,24),(25,25),(26,26),(27,27),(28,28),(29,29),(30,30),
(31,1),(32,2),(33,3),(34,4),(35,5),(36,6),(37,7),(38,8),(39,9),(40,10),
(41,11),(42,12),(43,13),(44,14),(45,15),(46,16),(47,17),(48,18),(49,19),(50,20),
(51,21),(52,22),(53,23),(54,24),(55,25),(56,26),(57,27),(58,28),(59,29),(60,30),
(61,1),(62,2),(63,3),(64,4),(65,5),(66,6),(67,7),(68,8),(69,9),(70,10),
(71,11),(72,12),(73,13),(74,14),(75,15),(76,16),(77,17),(78,18),(79,19),(80,20),
(81,21),(82,22),(83,23),(84,24),(85,25),(86,26),(87,27),(88,28),(89,29),(90,30);

INSERT INTO DELIVERY (RID, VID, WID, ShipmentID, DeliveryDate) VALUES
-- RID 1–30 (SHIPMENT 1–30)
(1, 1, 1, 1, '2024-01-10'),
(2, 2, 2, 2, '2024-01-25'),
(3, 3, 3, 3, '2024-02-08'),
(4, 4, 4, 4, '2024-02-20'),
(5, 5, 5, 5, '2024-03-05'),
(6, 6, 6, 6, '2024-03-18'),
(7, 7, 7, 7, '2024-04-02'),
(8, 8, 8, 8, '2024-04-15'),
(9, 9, 9, 9, '2024-05-01'),
(10, 10, 10, 10, '2024-05-14'),
(11, 11, 11, 11, '2024-06-03'),
(12, 12, 12, 12, '2024-06-16'),
(13, 13, 13, 13, '2024-07-01'),
(14, 14, 14, 14, '2024-07-14'),
(15, 15, 15, 15, '2024-08-02'),
(16, 1, 16, 16, '2024-08-18'),
(17, 2, 17, 17, '2024-09-05'),
(18, 3, 18, 18, '2024-09-20'),
(19, 4, 19, 19, '2024-10-04'),
(20, 5, 20, 20, '2024-10-19'),
(21, 6, 21, 21, '2024-11-03'),
(22, 7, 22, 22, '2024-11-17'),
(23, 8, 23, 23, '2024-12-02'),
(24, 9, 24, 24, '2024-12-16'),
(25, 10, 25, 25, '2024-12-20'),
(26, 11, 26, 26, '2024-10-10'),
(27, 12, 27, 27, '2024-11-22'),
(28, 13, 28, 28, '2024-08-30'),
(29, 14, 29, 29, '2024-03-25'),
(30, 15, 30, 30, '2024-06-28'),

-- RID 31–60 (SHIPMENT 31–60)
(31, 1, 1, 31, '2025-01-10'),
(32, 2, 2, 32, '2025-01-18'),
(33, 3, 3, 33, '2025-01-25'),
(34, 4, 4, 34, '2025-02-05'),
(35, 5, 5, 35, '2025-02-12'),
(36, 6, 6, 36, '2025-02-20'),
(37, 7, 7, 37, '2025-03-03'),
(38, 8, 8, 38, '2025-03-10'),
(39, 9, 9, 39, '2025-03-17'),
(40, 10, 10, 40, '2025-03-24'),
(41, 11, 11, 41, '2025-03-30'),
(42, 12, 12, 42, '2025-04-09'),
(43, 13, 13, 43, '2025-04-16'),
(44, 14, 14, 44, '2025-04-23'),
(45, 15, 15, 45, '2025-05-05'),
(46, 1, 16, 46, '2025-05-12'),
(47, 2, 17, 47, '2025-05-20'),
(48, 3, 18, 48, '2025-05-27'),
(49, 4, 19, 49, '2025-06-04'),
(50, 5, 20, 50, '2025-06-11'),
(51, 6, 21, 51, '2025-06-18'),
(52, 7, 22, 52, '2025-06-25'),
(53, 8, 23, 53, '2025-07-03'),
(54, 9, 24, 54, '2025-07-10'),
(55, 10, 25, 55, '2025-07-17'),
(56, 11, 26, 56, '2025-07-24'),
(57, 12, 27, 57, '2025-07-31'),
(58, 13, 28, 58, '2025-08-07'),
(59, 14, 29, 59, '2025-08-14'),
(60, 15, 30, 60, '2025-08-21'),

-- RID 61–90 (SHIPMENT 61–90)
(61, 1, 1, 61, '2025-09-04'),
(62, 2, 2, 62, '2025-09-11'),
(63, 3, 3, 63, '2025-09-18'),
(64, 4, 4, 64, '2025-09-25'),
(65, 5, 5, 65, '2025-10-03'),
(66, 6, 6, 66, '2025-10-10'),
(67, 7, 7, 67, '2025-10-17'),
(68, 8, 8, 68, '2025-10-24'),
(69, 9, 9, 69, '2025-11-06'),
(70, 10, 10, 70, '2025-11-10'),
(71, 11, 11, 71, '2025-11-15'),
(72, 12, 12, 72, '2025-11-20'),
(73, 13, 13, 73, '2025-11-25'),
(74, 14, 14, 74, '2025-11-30'),
(75, 15, 15, 75, '2025-12-06'),
(76, 1, 16, 76, '2025-12-13'),
(77, 2, 17, 77, '2025-12-20'),
(78, 3, 18, 78, '2025-12-27'),
(79, 4, 19, 79, '2025-12-30'),
(80, 5, 20, 80, '2025-12-31'),
(81, 6, 21, 81, '2025-03-10'),
(82, 7, 22, 82, '2025-03-17'),
(83, 8, 23, 83, '2025-12-05'),
(84, 9, 24, 84, '2025-11-08'),
(85, 10, 25, 85, '2025-03-24'),
(86, 11, 26, 86, '2025-09-06'),
(87, 12, 27, 87, '2025-10-12'),
(88, 13, 28, 88, '2025-11-27'),
(89, 14, 29, 89, '2025-12-08');

INSERT INTO SHIP_ITEM (ShipmentID, ItemSerialNo, ShippedQty, ExArrDate) VALUES
-- 1–30 (2024/2025 shipments)
(1, 1, 2, '2025-01-10'),
(2, 2, 5, '2025-01-17'),
(3, 3, 1, '2025-01-25'),
(4, 4, 1, '2025-02-07'),
(5, 5, 3, '2025-02-15'),
(6, 6, 2, '2025-02-23'),
(7, 7, 1, '2025-03-06'),
(8, 8, 4, '2025-03-13'),
(9, 9, 1, '2025-03-20'),
(10, 10, 2, '2025-03-27'),
(11, 11, 6, '2025-04-06'),
(12, 12, 10, '2025-04-12'),
(13, 13, 1, '2025-04-19'),
(14, 14, 2, '2025-04-26'),
(15, 15, 1, '2025-05-08'),
(16, 16, 3, '2025-05-15'),
(17, 17, 2, '2025-05-23'),
(18, 18, 5, '2025-05-30'),
(19, 19, 4, '2025-06-07'),
(20, 20, 1, '2025-06-14'),
(21, 21, 1, '2025-06-21'),
(22, 22, 2, '2025-06-28'),
(23, 23, 3, '2025-07-06'),
(24, 24, 1, '2025-07-13'),
(25, 25, 2, '2025-07-20'),
(26, 26, 5, '2025-07-27'),
(27, 27, 1, '2025-08-03'),
(28, 28, 4, '2025-08-10'),
(29, 29, 2, '2025-08-17'),
(30, 30, 1, '2025-08-24'),

-- 31–60 (2025 orders)
(31, 1, 2, '2025-02-01'),
(32, 2, 4, '2025-02-05'),
(33, 3, 1, '2025-02-12'),
(34, 4, 3, '2025-02-18'),
(35, 5, 2, '2025-03-05'),
(36, 6, 1, '2025-03-15'),
(37, 7, 5, '2025-03-22'),
(38, 8, 2, '2025-03-30'),
(39, 9, 3, '2025-04-05'),
(40, 10, 2, '2025-04-10'),
(41, 11, 4, '2025-04-15'),
(42, 12, 6, '2025-04-20'),
(43, 13, 2, '2025-04-27'),
(44, 14, 3, '2025-05-03'),
(45, 15, 5, '2025-11-20'), -- long shipment (>6 months)
(46, 16, 2, '2025-05-15'),
(47, 17, 1, '2025-05-22'),
(48, 18, 4, '2025-05-30'),
(49, 19, 3, '2025-06-05'),
(50, 20, 2, '2025-06-12'),
(51, 21, 1, '2025-12-24'), -- long shipment
(52, 22, 2, '2025-06-26'),
(53, 23, 3, '2025-07-05'),
(54, 24, 1, '2025-07-12'),
(55, 25, 4, '2025-07-20'),
(56, 26, 3, '2025-07-28'),
(57, 27, 2, '2026-02-10'), -- long shipment
(58, 28, 2, '2025-08-10'),
(59, 29, 3, '2025-08-18'),
(60, 30, 5, '2026-03-01'), -- long shipment

-- 61–90 (2025 shipments)
(61, 1, 2, '2026-03-15'), -- long shipment
(62, 2, 3, '2025-09-25'),
(63, 3, 1, '2025-10-02'),
(64, 4, 4, '2025-10-09'),
(65, 5, 2, '2026-04-10'), -- long shipment
(66, 6, 3, '2025-10-25'),
(67, 7, 1, '2025-11-02'),
(68, 8, 5, '2025-11-09'),
(69, 9, 2, '2026-05-10'), -- long shipment
(70, 10, 3, '2025-11-23'),
(71, 11, 4, '2025-12-01'),
(72, 12, 6, '2025-12-08'),
(73, 13, 2, '2025-12-15'),
(74, 14, 1, '2025-12-22'),
(75, 15, 5, '2026-06-15'), -- long shipment
(76, 16, 2, '2026-01-05'),
(77, 17, 3, '2026-01-10'),
(78, 18, 4, '2026-01-18'),
(79, 19, 1, '2026-01-25'),
(80, 20, 3, '2026-01-12'),
(81, 21, 2, '2025-03-20'),
(82, 22, 3, '2025-03-27'),
(83, 23, 2, '2025-12-20'),
(84, 24, 4, '2025-11-20'),
(85, 25, 1, '2025-04-03'),
(86, 26, 2, '2025-04-09'),
(87, 27, 3, '2025-11-25'),
(88, 28, 2, '2025-11-30'),
(89, 29, 5, '2025-04-15'),
(90, 30, 2, '2025-12-05'),

-- 91–120 (extra shipments, many-to-one OID mapping)
(91, 1, 2, '2026-06-15'), -- long shipment
(92, 2, 3, '2026-06-20'),
(93, 3, 1, '2025-09-10'),
(94, 4, 4, '2025-09-12'),
(95, 5, 3, '2025-05-20'),
(96, 6, 2, '2025-05-22'),
(97, 7, 2, '2025-09-20'),
(98, 8, 3, '2025-09-22'),
(99, 9, 4, '2025-10-20'),
(100, 10, 2, '2025-10-22'),
(101, 11, 3, '2025-07-05'),
(102, 12, 1, '2025-07-07'),
(103, 13, 2, '2025-08-20'),
(104, 14, 4, '2025-08-22'),
(105, 15, 3, '2025-11-25'),
(106, 16, 2, '2025-11-27'),
(107, 17, 1, '2026-06-25'), -- long shipment
(108, 18, 2, '2026-06-27'),
(109, 19, 3, '2026-07-05'),
(110, 20, 2, '2026-07-07'),
(111, 21, 4, '2026-07-15'),
(112, 22, 1, '2026-07-17'),
(113, 23, 2, '2026-07-25'),
(114, 24, 3, '2026-07-27'),
(115, 25, 2, '2026-01-15'),
(116, 26, 4, '2026-01-18'),
(117, 27, 3, '2025-03-20'),
(118, 28, 1, '2025-03-21'),
(119, 29, 2, '2025-11-20'),
(120, 30, 3, '2025-11-22');
